Filename                 ,DLPNO-CCSD(T) energy     
Fluoxetine_1.out         ,-1086.829470979          
Fluoxetine_16.out        ,-1086.829428128          
Fluoxetine_18.out        ,-1086.825800769          
Fluoxetine_35.out        ,-1086.821054107          
Fluoxetine_41.out        ,-1086.821537402          
Fluoxetine_55.out        ,-1086.827929749          
Fluoxetine_9.out         ,-1086.825741395          
